{
    "loss": 0.9522611498832703,
    "accuracy": 0.8879310488700867
}