{
    "loss": 3.496973991394043,
    "accuracy": 0.7758620977401733
}